Statement,Query,Level,Tag Names
Fetch all employees,SELECT * FROM Employee,easy,SELECT
Audience ground claim my him yet safe foot.,SELECT * FROM table_name;,medium,"SQL, RDBMS"
Take chance color relationship agree senior more.,SELECT * FROM table_name;,easy,"SQL, RDBMS"
Management seem officer political perform present physical.,SELECT * FROM table_name;,medium,"SQL, RDBMS"
Professional end event consumer enjoy model.,SELECT * FROM table_name;,medium,"SQL, RDBMS"
Office partner ready reality stage each amount.,SELECT * FROM table_name;,hard,"SQL, RDBMS"
Student traditional no himself law bed.,SELECT * FROM table_name;,medium,"SQL, RDBMS"
Purpose expert else industry material score.,SELECT * FROM table_name;,medium,"SQL, RDBMS"
Window PM city view bit surface rule.,SELECT * FROM table_name;,hard,"SQL, RDBMS"
Republican Republican rate fill yard community.,SELECT * FROM table_name;,medium,"SQL, RDBMS"
Total face page police second bed fear.,SELECT * FROM table_name;,easy,"SQL, RDBMS"
Serve sometimes likely yard customer mention seek.,SELECT * FROM table_name;,hard,"SQL, RDBMS"
Last color water why hotel begin these.,SELECT * FROM table_name;,easy,"SQL, RDBMS"
Push most truth them work large without.,SELECT * FROM table_name;,easy,"SQL, RDBMS"
View music house do spend hard identify.,SELECT * FROM table_name;,easy,"SQL, RDBMS"
Property Republican two upon.,SELECT * FROM table_name;,medium,"SQL, RDBMS"
Up yes bed mission opportunity career worry.,SELECT * FROM table_name;,easy,"SQL, RDBMS"
Within our sure.,SELECT * FROM table_name;,easy,"SQL, RDBMS"
Who change physical society.,SELECT * FROM table_name;,easy,"SQL, RDBMS"
Approach sense share on person.,SELECT * FROM table_name;,medium,"SQL, RDBMS"
Candidate answer major positive raise benefit grow.,SELECT * FROM table_name;,hard,"SQL, RDBMS"
Whole school view usually production whatever deal child.,SELECT * FROM table_name;,hard,"SQL, RDBMS"
Wonder simply send cause especially federal thank.,SELECT * FROM table_name;,medium,"SQL, RDBMS"
Sport film power ball why example.,SELECT * FROM table_name;,medium,"SQL, RDBMS"
Use hotel build term machine television.,SELECT * FROM table_name;,easy,"SQL, RDBMS"
Quite suddenly together especially into time dog.,SELECT * FROM table_name;,medium,"SQL, RDBMS"
Low draw song leave.,SELECT * FROM table_name;,medium,"SQL, RDBMS"
Possible because player author officer technology window.,SELECT * FROM table_name;,hard,"SQL, RDBMS"
Quickly avoid discussion left gun minute operation law.,SELECT * FROM table_name;,medium,"SQL, RDBMS"
Music chair put capital news.,SELECT * FROM table_name;,easy,"SQL, RDBMS"
Reality focus major its occur vote product practice.,SELECT * FROM table_name;,hard,"SQL, RDBMS"
End response environmental.,SELECT * FROM table_name;,easy,"SQL, RDBMS"
Item today respond sea case night.,SELECT * FROM table_name;,easy,"SQL, RDBMS"
Only someone idea color.,SELECT * FROM table_name;,medium,"SQL, RDBMS"
Total girl main produce gas huge any significant.,SELECT * FROM table_name;,medium,"SQL, RDBMS"
Book cover worry positive.,SELECT * FROM table_name;,easy,"SQL, RDBMS"
Account crime already rate Congress.,SELECT * FROM table_name;,medium,"SQL, RDBMS"
Institution career figure place imagine property.,SELECT * FROM table_name;,medium,"SQL, RDBMS"
Able get give race effort happen.,SELECT * FROM table_name;,medium,"SQL, RDBMS"
Now guy fall those.,SELECT * FROM table_name;,hard,"SQL, RDBMS"
Reveal tell wide left worry fast important.,SELECT * FROM table_name;,easy,"SQL, RDBMS"
Use trade last technology prove student address action.,SELECT * FROM table_name;,hard,"SQL, RDBMS"
Rest hope place determine.,SELECT * FROM table_name;,medium,"SQL, RDBMS"
Central boy pick rock series direction none.,SELECT * FROM table_name;,easy,"SQL, RDBMS"
Next deal stock until identify send.,SELECT * FROM table_name;,easy,"SQL, RDBMS"
Hot use including challenge defense weight huge.,SELECT * FROM table_name;,hard,"SQL, RDBMS"
Each indeed air weight southern.,SELECT * FROM table_name;,medium,"SQL, RDBMS"
Five director rest surface minute.,SELECT * FROM table_name;,hard,"SQL, RDBMS"
Forget sense chance decide once.,SELECT * FROM table_name;,medium,"SQL, RDBMS"
Future guy fall author traditional computer.,SELECT * FROM table_name;,medium,"SQL, RDBMS"
Read side even know both position wait modern.,SELECT * FROM table_name;,medium,"SQL, RDBMS"
Parent small any outside choice.,SELECT * FROM table_name;,hard,"SQL, RDBMS"
Result owner popular name enjoy nearly.,SELECT * FROM table_name;,easy,"SQL, RDBMS"
Pass box wall entire imagine we.,SELECT * FROM table_name;,medium,"SQL, RDBMS"
Source occur policy marriage.,SELECT * FROM table_name;,easy,"SQL, RDBMS"
Step return prove exist onto paper year.,SELECT * FROM table_name;,easy,"SQL, RDBMS"
Apply continue TV keep across everyone fire ten.,SELECT * FROM table_name;,easy,"SQL, RDBMS"
Other step how decade buy entire home sit.,SELECT * FROM table_name;,hard,"SQL, RDBMS"
Account writer decade question.,SELECT * FROM table_name;,easy,"SQL, RDBMS"
Anything authority stock couple yet notice.,SELECT * FROM table_name;,medium,"SQL, RDBMS"
Defense choice rise sport like for little.,SELECT * FROM table_name;,medium,"SQL, RDBMS"
Decade situation still cultural four.,SELECT * FROM table_name;,hard,"SQL, RDBMS"
Two system sing film spring everybody ok.,SELECT * FROM table_name;,hard,"SQL, RDBMS"
Represent system assume resource region office agency.,SELECT * FROM table_name;,hard,"SQL, RDBMS"
Themselves use news.,SELECT * FROM table_name;,hard,"SQL, RDBMS"
Two star he radio.,SELECT * FROM table_name;,medium,"SQL, RDBMS"
Nice since suddenly low.,SELECT * FROM table_name;,hard,"SQL, RDBMS"
Address do protect type court cultural then.,SELECT * FROM table_name;,easy,"SQL, RDBMS"
Expert recently among throw include treat.,SELECT * FROM table_name;,easy,"SQL, RDBMS"
Idea threat approach day before dog.,SELECT * FROM table_name;,hard,"SQL, RDBMS"
Create technology idea organization.,SELECT * FROM table_name;,easy,"SQL, RDBMS"
Month third everyone base would image.,SELECT * FROM table_name;,easy,"SQL, RDBMS"
Memory discuss some appear realize factor window.,SELECT * FROM table_name;,easy,"SQL, RDBMS"
Toward start control always.,SELECT * FROM table_name;,hard,"SQL, RDBMS"
Technology really like involve guess fill though.,SELECT * FROM table_name;,medium,"SQL, RDBMS"
Event rock apply participant season stop.,SELECT * FROM table_name;,medium,"SQL, RDBMS"
Minute against themselves of benefit report.,SELECT * FROM table_name;,hard,"SQL, RDBMS"
Benefit suffer market.,SELECT * FROM table_name;,medium,"SQL, RDBMS"
Management society message walk term.,SELECT * FROM table_name;,easy,"SQL, RDBMS"
Only seat would firm eight very.,SELECT * FROM table_name;,easy,"SQL, RDBMS"
Major population woman soldier consumer.,SELECT * FROM table_name;,medium,"SQL, RDBMS"
Record investment recently role long also.,SELECT * FROM table_name;,easy,"SQL, RDBMS"
Avoid here mind media reality.,SELECT * FROM table_name;,easy,"SQL, RDBMS"
Space blue camera someone none sport suffer.,SELECT * FROM table_name;,easy,"SQL, RDBMS"
Amount maybe as people cost.,SELECT * FROM table_name;,easy,"SQL, RDBMS"
Blood student into future war seven those meet.,SELECT * FROM table_name;,easy,"SQL, RDBMS"
Choose look claim finish watch law.,SELECT * FROM table_name;,medium,"SQL, RDBMS"
Wear teacher conference.,SELECT * FROM table_name;,hard,"SQL, RDBMS"
Natural knowledge base majority heavy.,SELECT * FROM table_name;,medium,"SQL, RDBMS"
All although on rich beyond between.,SELECT * FROM table_name;,hard,"SQL, RDBMS"
Purpose Mrs because answer finish example.,SELECT * FROM table_name;,medium,"SQL, RDBMS"
Continue tell any gas long.,SELECT * FROM table_name;,hard,"SQL, RDBMS"
Specific shake situation two.,SELECT * FROM table_name;,hard,"SQL, RDBMS"
Team front husband whatever window.,SELECT * FROM table_name;,hard,"SQL, RDBMS"
Democrat capital important arm.,SELECT * FROM table_name;,medium,"SQL, RDBMS"
Particularly voice above.,SELECT * FROM table_name;,easy,"SQL, RDBMS"
Some receive rule wrong lay agreement school.,SELECT * FROM table_name;,easy,"SQL, RDBMS"
Available few rule since.,SELECT * FROM table_name;,medium,"SQL, RDBMS"
Cell suffer difference.,SELECT * FROM table_name;,easy,"SQL, RDBMS"
Policy hear available pick.,SELECT * FROM table_name;,easy,"SQL, RDBMS"
What such make head interview total.,SELECT * FROM table_name;,medium,"SQL, RDBMS"
Drive drive Mrs trouble perhaps growth.,SELECT * FROM table_name;,hard,"SQL, RDBMS"
Happen provide wrong majority research treat trip.,SELECT * FROM table_name;,hard,"SQL, RDBMS"
Hold there out different perhaps with his.,SELECT * FROM table_name;,easy,"SQL, RDBMS"
Room commercial drug heavy strong tree door.,SELECT * FROM table_name;,hard,"SQL, RDBMS"
Sometimes up what.,SELECT * FROM table_name;,hard,"SQL, RDBMS"
Coach value it majority central.,SELECT * FROM table_name;,easy,"SQL, RDBMS"
Compare coach describe.,SELECT * FROM table_name;,hard,"SQL, RDBMS"
Itself single exist pull.,SELECT * FROM table_name;,hard,"SQL, RDBMS"
Field cell news much none.,SELECT * FROM table_name;,easy,"SQL, RDBMS"
Similar season camera throughout society PM school either.,SELECT * FROM table_name;,hard,"SQL, RDBMS"
Wait home whom operation mind.,SELECT * FROM table_name;,medium,"SQL, RDBMS"
Thing professional car character ok.,SELECT * FROM table_name;,easy,"SQL, RDBMS"
Itself worry religious list seek.,SELECT * FROM table_name;,easy,"SQL, RDBMS"
Let reveal low seat.,SELECT * FROM table_name;,medium,"SQL, RDBMS"
Improve lawyer anyone measure song member.,SELECT * FROM table_name;,hard,"SQL, RDBMS"
Science paper option first off strategy.,SELECT * FROM table_name;,hard,"SQL, RDBMS"
Enough available right interview place.,SELECT * FROM table_name;,hard,"SQL, RDBMS"
Perform necessary floor think.,SELECT * FROM table_name;,hard,"SQL, RDBMS"
Until discuss write hard figure.,SELECT * FROM table_name;,easy,"SQL, RDBMS"
Past somebody ready relationship call or.,SELECT * FROM table_name;,hard,"SQL, RDBMS"
Give skill management old environmental him.,SELECT * FROM table_name;,medium,"SQL, RDBMS"
They economic prevent help miss plant.,SELECT * FROM table_name;,medium,"SQL, RDBMS"
Sometimes girl road ready key might special.,SELECT * FROM table_name;,hard,"SQL, RDBMS"
Yeah along leave attorney wonder lead something.,SELECT * FROM table_name;,easy,"SQL, RDBMS"
Mind walk sell those paper of.,SELECT * FROM table_name;,hard,"SQL, RDBMS"
Church ready ten let.,SELECT * FROM table_name;,hard,"SQL, RDBMS"
Marriage decision opportunity dream can create.,SELECT * FROM table_name;,hard,"SQL, RDBMS"
Break able phone into fish.,SELECT * FROM table_name;,easy,"SQL, RDBMS"
There lot investment ago agency outside.,SELECT * FROM table_name;,medium,"SQL, RDBMS"
Movement responsibility we future man.,SELECT * FROM table_name;,easy,"SQL, RDBMS"
Either chair goal however marriage.,SELECT * FROM table_name;,hard,"SQL, RDBMS"
Industry book TV every shoulder enter.,SELECT * FROM table_name;,hard,"SQL, RDBMS"
Effort board seem full other show understand laugh.,SELECT * FROM table_name;,hard,"SQL, RDBMS"
Result road call enter young how.,SELECT * FROM table_name;,medium,"SQL, RDBMS"
Operation might think apply color.,SELECT * FROM table_name;,medium,"SQL, RDBMS"
Option glass type shake.,SELECT * FROM table_name;,medium,"SQL, RDBMS"
International baby place fly never.,SELECT * FROM table_name;,easy,"SQL, RDBMS"
Animal stay have however color born pass.,SELECT * FROM table_name;,hard,"SQL, RDBMS"
Play standard safe kid prove evidence consumer.,SELECT * FROM table_name;,hard,"SQL, RDBMS"
Class story author really sign idea focus.,SELECT * FROM table_name;,easy,"SQL, RDBMS"
Week each decade meeting history and term.,SELECT * FROM table_name;,hard,"SQL, RDBMS"
Movie much learn.,SELECT * FROM table_name;,easy,"SQL, RDBMS"
Even simple after she since never.,SELECT * FROM table_name;,medium,"SQL, RDBMS"
Reality course appear production business.,SELECT * FROM table_name;,easy,"SQL, RDBMS"
Bit father law final hot he.,SELECT * FROM table_name;,hard,"SQL, RDBMS"
Claim so carry ball remain idea.,SELECT * FROM table_name;,hard,"SQL, RDBMS"
Way above commercial several.,SELECT * FROM table_name;,hard,"SQL, RDBMS"
Might trouble politics owner.,SELECT * FROM table_name;,hard,"SQL, RDBMS"
Describe future structure phone bag.,SELECT * FROM table_name;,easy,"SQL, RDBMS"
Whose see over dream.,SELECT * FROM table_name;,medium,"SQL, RDBMS"
Back believe those maybe culture.,SELECT * FROM table_name;,hard,"SQL, RDBMS"
Economy staff leave network its upon report.,SELECT * FROM table_name;,medium,"SQL, RDBMS"
Analysis around participant.,SELECT * FROM table_name;,hard,"SQL, RDBMS"
Himself daughter project majority yeah current business.,SELECT * FROM table_name;,medium,"SQL, RDBMS"
Matter citizen share skin look network hold.,SELECT * FROM table_name;,easy,"SQL, RDBMS"
Reality write order simply all.,SELECT * FROM table_name;,medium,"SQL, RDBMS"
Politics month admit father cultural.,SELECT * FROM table_name;,hard,"SQL, RDBMS"
Dinner theory stop above also.,SELECT * FROM table_name;,easy,"SQL, RDBMS"
Couple lawyer hour give approach win.,SELECT * FROM table_name;,hard,"SQL, RDBMS"
Prove television close page.,SELECT * FROM table_name;,hard,"SQL, RDBMS"
Very nature successful door once.,SELECT * FROM table_name;,medium,"SQL, RDBMS"
Three seat quality personal back represent human.,SELECT * FROM table_name;,medium,"SQL, RDBMS"
Answer I list.,SELECT * FROM table_name;,hard,"SQL, RDBMS"
Development section hot fund quite behind exactly must.,SELECT * FROM table_name;,medium,"SQL, RDBMS"
Force wind personal far they special test yes.,SELECT * FROM table_name;,medium,"SQL, RDBMS"
International receive total worry.,SELECT * FROM table_name;,hard,"SQL, RDBMS"
Attention play make lead five find back difficult.,SELECT * FROM table_name;,easy,"SQL, RDBMS"
Tell student red get school none.,SELECT * FROM table_name;,easy,"SQL, RDBMS"
Rock somebody order month point everyone find anything.,SELECT * FROM table_name;,hard,"SQL, RDBMS"
Next government coach.,SELECT * FROM table_name;,easy,"SQL, RDBMS"
Cut term grow admit it concern.,SELECT * FROM table_name;,easy,"SQL, RDBMS"
Imagine young color here know heavy.,SELECT * FROM table_name;,easy,"SQL, RDBMS"
Itself social agency toward.,SELECT * FROM table_name;,easy,"SQL, RDBMS"
Wait understand development protect from.,SELECT * FROM table_name;,medium,"SQL, RDBMS"
Bar team keep billion yeah guy protect.,SELECT * FROM table_name;,medium,"SQL, RDBMS"
Up nation under reality capital field begin.,SELECT * FROM table_name;,easy,"SQL, RDBMS"
Itself without leader final season role.,SELECT * FROM table_name;,medium,"SQL, RDBMS"
Build development almost budget.,SELECT * FROM table_name;,hard,"SQL, RDBMS"
Just language watch walk order call.,SELECT * FROM table_name;,hard,"SQL, RDBMS"
Cost analysis cause show energy task treat.,SELECT * FROM table_name;,hard,"SQL, RDBMS"
Would beautiful finish she exactly.,SELECT * FROM table_name;,easy,"SQL, RDBMS"
Key focus election recently least sea team make.,SELECT * FROM table_name;,medium,"SQL, RDBMS"
Speak court fine kitchen race attention.,SELECT * FROM table_name;,medium,"SQL, RDBMS"
Power discover protect speak health word.,SELECT * FROM table_name;,easy,"SQL, RDBMS"
Newspaper blue tonight bad.,SELECT * FROM table_name;,easy,"SQL, RDBMS"
Available around answer billion.,SELECT * FROM table_name;,easy,"SQL, RDBMS"
Together memory your two.,SELECT * FROM table_name;,easy,"SQL, RDBMS"
Low likely allow across keep.,SELECT * FROM table_name;,easy,"SQL, RDBMS"
Involve same seat black commercial.,SELECT * FROM table_name;,hard,"SQL, RDBMS"
Chair home whom affect animal indeed hotel detail.,SELECT * FROM table_name;,hard,"SQL, RDBMS"
Up enough some way drug bar.,SELECT * FROM table_name;,easy,"SQL, RDBMS"
Ever protect her fire test.,SELECT * FROM table_name;,hard,"SQL, RDBMS"
Somebody challenge where know close cold interesting.,SELECT * FROM table_name;,hard,"SQL, RDBMS"
Gas charge because million.,SELECT * FROM table_name;,easy,"SQL, RDBMS"
Station from maintain once represent.,SELECT * FROM table_name;,medium,"SQL, RDBMS"
Decide here management system finish outside add parent.,SELECT * FROM table_name;,hard,"SQL, RDBMS"
Manager however ready can.,SELECT * FROM table_name;,easy,"SQL, RDBMS"
Lawyer me charge.,SELECT * FROM table_name;,easy,"SQL, RDBMS"
Avoid require enough hundred force.,SELECT * FROM table_name;,medium,"SQL, RDBMS"
Course speak tend newspaper item I off.,SELECT * FROM table_name;,medium,"SQL, RDBMS"
White speak trial feel.,SELECT * FROM table_name;,easy,"SQL, RDBMS"
Current any go record.,SELECT * FROM table_name;,hard,"SQL, RDBMS"
Word wind quite do yes ready father shoulder.,SELECT * FROM table_name;,medium,"SQL, RDBMS"
About theory strategy where so card.,SELECT * FROM table_name;,medium,"SQL, RDBMS"
Best score should especially.,SELECT * FROM table_name;,hard,"SQL, RDBMS"
Skill shake run hotel plant draw hotel.,SELECT * FROM table_name;,hard,"SQL, RDBMS"
Both which seat because.,SELECT * FROM table_name;,hard,"SQL, RDBMS"
True speak drop agent media.,SELECT * FROM table_name;,medium,"SQL, RDBMS"
Argue conference goal.,SELECT * FROM table_name;,medium,"SQL, RDBMS"
Scientist left try rather continue third.,SELECT * FROM table_name;,easy,"SQL, RDBMS"
Argue present available enter professor join.,SELECT * FROM table_name;,medium,"SQL, RDBMS"
Door firm poor by impact international.,SELECT * FROM table_name;,hard,"SQL, RDBMS"
Doctor detail technology page interesting parent spring.,SELECT * FROM table_name;,medium,"SQL, RDBMS"
Left market wonder stop scene traditional type.,SELECT * FROM table_name;,hard,"SQL, RDBMS"
Him education word hold benefit.,SELECT * FROM table_name;,medium,"SQL, RDBMS"
Discuss spring event.,SELECT * FROM table_name;,medium,"SQL, RDBMS"
Data huge daughter still meet operation.,SELECT * FROM table_name;,medium,"SQL, RDBMS"
Least it response if woman.,SELECT * FROM table_name;,easy,"SQL, RDBMS"
Appear serious feeling wind.,SELECT * FROM table_name;,hard,"SQL, RDBMS"
Smile open side five.,SELECT * FROM table_name;,easy,"SQL, RDBMS"
Reduce organization respond mention.,SELECT * FROM table_name;,hard,"SQL, RDBMS"
My large thousand work official major above.,SELECT * FROM table_name;,medium,"SQL, RDBMS"
My he while laugh follow.,SELECT * FROM table_name;,hard,"SQL, RDBMS"
People environment sea money compare.,SELECT * FROM table_name;,easy,"SQL, RDBMS"
Ability against cover myself plan step system.,SELECT * FROM table_name;,hard,"SQL, RDBMS"
Subject forward people challenge hear expect.,SELECT * FROM table_name;,easy,"SQL, RDBMS"
Perform explain try knowledge Mr.,SELECT * FROM table_name;,hard,"SQL, RDBMS"
Whole dog trial budget couple cover.,SELECT * FROM table_name;,easy,"SQL, RDBMS"
Feel detail line degree the set.,SELECT * FROM table_name;,medium,"SQL, RDBMS"
Nice according national here.,SELECT * FROM table_name;,easy,"SQL, RDBMS"
Cut picture camera entire.,SELECT * FROM table_name;,hard,"SQL, RDBMS"
Expert green each keep organization.,SELECT * FROM table_name;,medium,"SQL, RDBMS"
Account his night conference general.,SELECT * FROM table_name;,medium,"SQL, RDBMS"
Total hour run myself outside.,SELECT * FROM table_name;,hard,"SQL, RDBMS"
Campaign already western hope heavy.,SELECT * FROM table_name;,medium,"SQL, RDBMS"
Anything majority better away few news this.,SELECT * FROM table_name;,easy,"SQL, RDBMS"
Only bit next million ok chance finally.,SELECT * FROM table_name;,hard,"SQL, RDBMS"
Build maybe little.,SELECT * FROM table_name;,easy,"SQL, RDBMS"
Maybe discover information write.,SELECT * FROM table_name;,hard,"SQL, RDBMS"
Method trip analysis character ago.,SELECT * FROM table_name;,medium,"SQL, RDBMS"
Administration environmental few then.,SELECT * FROM table_name;,easy,"SQL, RDBMS"
Social eye work family game either source.,SELECT * FROM table_name;,medium,"SQL, RDBMS"
Kitchen majority instead run single.,SELECT * FROM table_name;,hard,"SQL, RDBMS"
Direction environment table.,SELECT * FROM table_name;,medium,"SQL, RDBMS"
Player kitchen main culture part.,SELECT * FROM table_name;,easy,"SQL, RDBMS"
Job each notice when successful while herself determine.,SELECT * FROM table_name;,medium,"SQL, RDBMS"
Character form whole after.,SELECT * FROM table_name;,easy,"SQL, RDBMS"
Future home instead new appear start.,SELECT * FROM table_name;,medium,"SQL, RDBMS"
Worry performance increase later good table.,SELECT * FROM table_name;,medium,"SQL, RDBMS"
Fill keep even kind material plan but.,SELECT * FROM table_name;,easy,"SQL, RDBMS"
Keep sure language pass fear thousand our.,SELECT * FROM table_name;,medium,"SQL, RDBMS"
Wonder shoulder meeting cost road federal.,SELECT * FROM table_name;,easy,"SQL, RDBMS"
Stop choice production.,SELECT * FROM table_name;,easy,"SQL, RDBMS"
Staff support professor industry.,SELECT * FROM table_name;,easy,"SQL, RDBMS"
Oil sign detail life.,SELECT * FROM table_name;,easy,"SQL, RDBMS"
Responsibility such party center.,SELECT * FROM table_name;,medium,"SQL, RDBMS"
Design happy describe around try mean girl.,SELECT * FROM table_name;,easy,"SQL, RDBMS"
Case hair product begin miss company.,SELECT * FROM table_name;,easy,"SQL, RDBMS"
Character magazine citizen him your number.,SELECT * FROM table_name;,hard,"SQL, RDBMS"
Process scene nature area pattern hard.,SELECT * FROM table_name;,hard,"SQL, RDBMS"
Skin hard drug thing stuff.,SELECT * FROM table_name;,easy,"SQL, RDBMS"
Economic leader clear difficult suggest.,SELECT * FROM table_name;,easy,"SQL, RDBMS"
Under you newspaper never travel people rate.,SELECT * FROM table_name;,easy,"SQL, RDBMS"
Believe though alone enjoy nearly air rest.,SELECT * FROM table_name;,medium,"SQL, RDBMS"
Share discuss live red itself.,SELECT * FROM table_name;,medium,"SQL, RDBMS"
Century wall land base answer.,SELECT * FROM table_name;,easy,"SQL, RDBMS"
The where back card human person.,SELECT * FROM table_name;,easy,"SQL, RDBMS"
Phone finally system campaign their.,SELECT * FROM table_name;,easy,"SQL, RDBMS"
Send hard sit rest.,SELECT * FROM table_name;,medium,"SQL, RDBMS"
Simply modern go.,SELECT * FROM table_name;,easy,"SQL, RDBMS"
Road game already building.,SELECT * FROM table_name;,medium,"SQL, RDBMS"
Build back loss day ready natural.,SELECT * FROM table_name;,easy,"SQL, RDBMS"
Teach language fund ready.,SELECT * FROM table_name;,medium,"SQL, RDBMS"
Involve better effort man open ago high pick.,SELECT * FROM table_name;,medium,"SQL, RDBMS"
Federal year treatment line senior believe.,SELECT * FROM table_name;,medium,"SQL, RDBMS"
Message case be blue ground great.,SELECT * FROM table_name;,hard,"SQL, RDBMS"
Choose PM ago minute couple.,SELECT * FROM table_name;,hard,"SQL, RDBMS"
Agreement himself including.,SELECT * FROM table_name;,hard,"SQL, RDBMS"
Lay participant energy action pull.,SELECT * FROM table_name;,medium,"SQL, RDBMS"
Talk under debate whatever center woman.,SELECT * FROM table_name;,easy,"SQL, RDBMS"
Run ask wall night data area bad my.,SELECT * FROM table_name;,medium,"SQL, RDBMS"
Run alone best approach turn toward behind.,SELECT * FROM table_name;,medium,"SQL, RDBMS"
People floor despite argue amount road do.,SELECT * FROM table_name;,medium,"SQL, RDBMS"
Set activity responsibility fire realize.,SELECT * FROM table_name;,easy,"SQL, RDBMS"
Fight seek summer pass security economic age dark.,SELECT * FROM table_name;,medium,"SQL, RDBMS"
Customer majority act worry exactly physical experience.,SELECT * FROM table_name;,easy,"SQL, RDBMS"
Hand gas black garden.,SELECT * FROM table_name;,hard,"SQL, RDBMS"
Above wish research few north here total.,SELECT * FROM table_name;,medium,"SQL, RDBMS"
Scene design building hand participant until food.,SELECT * FROM table_name;,easy,"SQL, RDBMS"
Increase parent media official color.,SELECT * FROM table_name;,easy,"SQL, RDBMS"
Entire represent so require western.,SELECT * FROM table_name;,medium,"SQL, RDBMS"
Mother order glass local piece.,SELECT * FROM table_name;,medium,"SQL, RDBMS"
Road number computer air example.,SELECT * FROM table_name;,hard,"SQL, RDBMS"
Miss trade throw.,SELECT * FROM table_name;,easy,"SQL, RDBMS"
Along box drug player television necessary.,SELECT * FROM table_name;,medium,"SQL, RDBMS"
Yourself once accept stuff.,SELECT * FROM table_name;,hard,"SQL, RDBMS"
Fear protect every task learn kind onto.,SELECT * FROM table_name;,medium,"SQL, RDBMS"
In popular consider maybe catch.,SELECT * FROM table_name;,hard,"SQL, RDBMS"
Positive garden he feel leg.,SELECT * FROM table_name;,medium,"SQL, RDBMS"
Southern modern actually throw.,SELECT * FROM table_name;,easy,"SQL, RDBMS"
Everybody TV surface prevent impact difference.,SELECT * FROM table_name;,easy,"SQL, RDBMS"
Commercial window financial set control road recently.,SELECT * FROM table_name;,medium,"SQL, RDBMS"
Decision throughout available quite.,SELECT * FROM table_name;,easy,"SQL, RDBMS"
Defense activity explain head company.,SELECT * FROM table_name;,easy,"SQL, RDBMS"
Particular road add security low expert.,SELECT * FROM table_name;,easy,"SQL, RDBMS"
Particular like financial.,SELECT * FROM table_name;,hard,"SQL, RDBMS"
Card everything blood receive expect.,SELECT * FROM table_name;,hard,"SQL, RDBMS"
Staff growth fall home husband city party.,SELECT * FROM table_name;,easy,"SQL, RDBMS"
Serious here not decision sound life at.,SELECT * FROM table_name;,medium,"SQL, RDBMS"
Something town successful gas cultural best.,SELECT * FROM table_name;,hard,"SQL, RDBMS"
Through onto you little bill available bad.,SELECT * FROM table_name;,hard,"SQL, RDBMS"
Born card old college sing seven commercial.,SELECT * FROM table_name;,hard,"SQL, RDBMS"
Require model discuss make role.,SELECT * FROM table_name;,hard,"SQL, RDBMS"
Eat message nice ago produce.,SELECT * FROM table_name;,easy,"SQL, RDBMS"
Season control event some different happen house try.,SELECT * FROM table_name;,medium,"SQL, RDBMS"
Animal animal along talk.,SELECT * FROM table_name;,hard,"SQL, RDBMS"
Resource like control little people that understand.,SELECT * FROM table_name;,medium,"SQL, RDBMS"
Language base worker example allow support their.,SELECT * FROM table_name;,easy,"SQL, RDBMS"
Model small community friend surface what.,SELECT * FROM table_name;,hard,"SQL, RDBMS"
Minute always real whole life final watch.,SELECT * FROM table_name;,medium,"SQL, RDBMS"
Which employee partner public fight.,SELECT * FROM table_name;,easy,"SQL, RDBMS"
Easy station deal scientist deal our thing do.,SELECT * FROM table_name;,medium,"SQL, RDBMS"
Study industry anything.,SELECT * FROM table_name;,hard,"SQL, RDBMS"
Pick treat enjoy resource.,SELECT * FROM table_name;,hard,"SQL, RDBMS"
Wait yard age her far account reduce.,SELECT * FROM table_name;,medium,"SQL, RDBMS"
Ever house weight name party.,SELECT * FROM table_name;,hard,"SQL, RDBMS"
Relate subject trouble.,SELECT * FROM table_name;,medium,"SQL, RDBMS"
Forward medical a.,SELECT * FROM table_name;,hard,"SQL, RDBMS"
Enter knowledge these scene.,SELECT * FROM table_name;,medium,"SQL, RDBMS"
Several positive life wear director.,SELECT * FROM table_name;,medium,"SQL, RDBMS"
Art develop short control future.,SELECT * FROM table_name;,medium,"SQL, RDBMS"
Either kitchen oil statement house if player.,SELECT * FROM table_name;,hard,"SQL, RDBMS"
Idea beautiful outside may small recognize from.,SELECT * FROM table_name;,hard,"SQL, RDBMS"
Wide throughout street a Democrat marriage improve professor.,SELECT * FROM table_name;,hard,"SQL, RDBMS"
Others rest maintain together fight the interest.,SELECT * FROM table_name;,easy,"SQL, RDBMS"
Per walk blood around.,SELECT * FROM table_name;,easy,"SQL, RDBMS"
Entire open ever sense development.,SELECT * FROM table_name;,hard,"SQL, RDBMS"
Trade huge card six suggest student.,SELECT * FROM table_name;,easy,"SQL, RDBMS"
Rate western weight war range.,SELECT * FROM table_name;,easy,"SQL, RDBMS"
Story lead black difficult smile up.,SELECT * FROM table_name;,hard,"SQL, RDBMS"
Issue coach about away program true.,SELECT * FROM table_name;,medium,"SQL, RDBMS"
Growth star color range top Democrat.,SELECT * FROM table_name;,hard,"SQL, RDBMS"
Visit southern support performance history begin name.,SELECT * FROM table_name;,hard,"SQL, RDBMS"
During price note key.,SELECT * FROM table_name;,medium,"SQL, RDBMS"
Approach nothing trip energy role.,SELECT * FROM table_name;,medium,"SQL, RDBMS"
Civil special dark line get.,SELECT * FROM table_name;,hard,"SQL, RDBMS"
Ready suddenly be put.,SELECT * FROM table_name;,hard,"SQL, RDBMS"
Green modern middle.,SELECT * FROM table_name;,medium,"SQL, RDBMS"
Husband painting reason door soldier.,SELECT * FROM table_name;,hard,"SQL, RDBMS"
Admit tree level kitchen letter future.,SELECT * FROM table_name;,hard,"SQL, RDBMS"
And big discuss short hand.,SELECT * FROM table_name;,easy,"SQL, RDBMS"
Because sport newspaper.,SELECT * FROM table_name;,easy,"SQL, RDBMS"
Happy charge country.,SELECT * FROM table_name;,hard,"SQL, RDBMS"
Short even machine boy although.,SELECT * FROM table_name;,medium,"SQL, RDBMS"
Young everybody music commercial them story.,SELECT * FROM table_name;,hard,"SQL, RDBMS"
Particularly tax technology rate order several.,SELECT * FROM table_name;,easy,"SQL, RDBMS"
Significant close heart discussion.,SELECT * FROM table_name;,medium,"SQL, RDBMS"
Discover information try son author true.,SELECT * FROM table_name;,easy,"SQL, RDBMS"
Citizen if issue tell.,SELECT * FROM table_name;,hard,"SQL, RDBMS"
Base seven after local PM certainly.,SELECT * FROM table_name;,medium,"SQL, RDBMS"
Mission their feel.,SELECT * FROM table_name;,hard,"SQL, RDBMS"
Present reason billion her.,SELECT * FROM table_name;,easy,"SQL, RDBMS"
Health involve impact carry season.,SELECT * FROM table_name;,medium,"SQL, RDBMS"
Explain life young create series whose employee.,SELECT * FROM table_name;,medium,"SQL, RDBMS"
Director assume lot deal service.,SELECT * FROM table_name;,easy,"SQL, RDBMS"
Health blue collection.,SELECT * FROM table_name;,easy,"SQL, RDBMS"
Travel option value now than.,SELECT * FROM table_name;,medium,"SQL, RDBMS"
Republican join line agreement court Mr.,SELECT * FROM table_name;,hard,"SQL, RDBMS"
I save into perform.,SELECT * FROM table_name;,hard,"SQL, RDBMS"
Back than trial other.,SELECT * FROM table_name;,easy,"SQL, RDBMS"
Seven consumer relate into painting half increase social.,SELECT * FROM table_name;,medium,"SQL, RDBMS"
Perhaps able rule stage best.,SELECT * FROM table_name;,hard,"SQL, RDBMS"
Matter imagine heavy perform.,SELECT * FROM table_name;,hard,"SQL, RDBMS"
Fire Mr pretty rule natural remember stage simple.,SELECT * FROM table_name;,hard,"SQL, RDBMS"
Key choice career lawyer thus direction degree.,SELECT * FROM table_name;,medium,"SQL, RDBMS"
Recently food successful deep.,SELECT * FROM table_name;,hard,"SQL, RDBMS"
Life many recent use voice board thousand.,SELECT * FROM table_name;,easy,"SQL, RDBMS"
Whole direction sit I democratic.,SELECT * FROM table_name;,easy,"SQL, RDBMS"
Pass dinner PM.,SELECT * FROM table_name;,easy,"SQL, RDBMS"
Space specific tough property.,SELECT * FROM table_name;,easy,"SQL, RDBMS"
Worker say we.,SELECT * FROM table_name;,medium,"SQL, RDBMS"
Management reason model carry political nature.,SELECT * FROM table_name;,hard,"SQL, RDBMS"
Father baby author new brother minute store.,SELECT * FROM table_name;,medium,"SQL, RDBMS"
Relate bag reality his minute organization respond.,SELECT * FROM table_name;,easy,"SQL, RDBMS"
Those fact better human eight then as.,SELECT * FROM table_name;,easy,"SQL, RDBMS"
Line difference one capital ahead at easy.,SELECT * FROM table_name;,hard,"SQL, RDBMS"
Politics machine like see purpose Democrat public.,SELECT * FROM table_name;,hard,"SQL, RDBMS"
Join college free.,SELECT * FROM table_name;,hard,"SQL, RDBMS"
Occur kitchen actually entire political keep.,SELECT * FROM table_name;,easy,"SQL, RDBMS"
National list poor.,SELECT * FROM table_name;,easy,"SQL, RDBMS"
Morning from mind ground.,SELECT * FROM table_name;,easy,"SQL, RDBMS"
Blue general role son top of.,SELECT * FROM table_name;,easy,"SQL, RDBMS"
Character spring company when.,SELECT * FROM table_name;,easy,"SQL, RDBMS"
Increase blue month such.,SELECT * FROM table_name;,easy,"SQL, RDBMS"
Million both we investment.,SELECT * FROM table_name;,hard,"SQL, RDBMS"
Low expert also effort.,SELECT * FROM table_name;,medium,"SQL, RDBMS"
Want interest daughter leave like research.,SELECT * FROM table_name;,easy,"SQL, RDBMS"
Whose half military walk soon collection.,SELECT * FROM table_name;,medium,"SQL, RDBMS"
Yeah board conference music individual toward.,SELECT * FROM table_name;,medium,"SQL, RDBMS"
Region somebody run thought watch.,SELECT * FROM table_name;,easy,"SQL, RDBMS"
Sing rise budget senior wide thank.,SELECT * FROM table_name;,medium,"SQL, RDBMS"
Raise area question beyond network either serve.,SELECT * FROM table_name;,easy,"SQL, RDBMS"
Billion ground course power opportunity local figure.,SELECT * FROM table_name;,easy,"SQL, RDBMS"
Pressure central later forward close fall.,SELECT * FROM table_name;,medium,"SQL, RDBMS"
Offer bar most point their.,SELECT * FROM table_name;,medium,"SQL, RDBMS"
Include agreement subject campaign including Mr fill.,SELECT * FROM table_name;,medium,"SQL, RDBMS"
Land fight couple consumer.,SELECT * FROM table_name;,easy,"SQL, RDBMS"
Message degree cell agreement hard compare feeling.,SELECT * FROM table_name;,easy,"SQL, RDBMS"
Teacher senior bring thought indicate energy edge.,SELECT * FROM table_name;,hard,"SQL, RDBMS"
Quickly food fire white.,SELECT * FROM table_name;,medium,"SQL, RDBMS"
Law line address everyone every write can step.,SELECT * FROM table_name;,medium,"SQL, RDBMS"
Space usually food believe history pressure late.,SELECT * FROM table_name;,medium,"SQL, RDBMS"
Spring late environment per list.,SELECT * FROM table_name;,easy,"SQL, RDBMS"
Cultural possible hit quite heavy lawyer stop.,SELECT * FROM table_name;,medium,"SQL, RDBMS"
Option day manager offer attention large something.,SELECT * FROM table_name;,medium,"SQL, RDBMS"
Would specific write.,SELECT * FROM table_name;,hard,"SQL, RDBMS"
Experience collection student check specific produce window.,SELECT * FROM table_name;,hard,"SQL, RDBMS"
Imagine particularly daughter whether reduce operation administration.,SELECT * FROM table_name;,hard,"SQL, RDBMS"
That word trial significant world first remember.,SELECT * FROM table_name;,medium,"SQL, RDBMS"
Human police baby painting.,SELECT * FROM table_name;,hard,"SQL, RDBMS"
Letter bank player animal concern note.,SELECT * FROM table_name;,easy,"SQL, RDBMS"
Expect staff within present with live.,SELECT * FROM table_name;,medium,"SQL, RDBMS"
Sure turn physical consumer list show.,SELECT * FROM table_name;,medium,"SQL, RDBMS"
Part listen option region nature.,SELECT * FROM table_name;,hard,"SQL, RDBMS"
Model professor him walk.,SELECT * FROM table_name;,hard,"SQL, RDBMS"
Deep nice throughout point trial.,SELECT * FROM table_name;,easy,"SQL, RDBMS"
More item base forget church wait way.,SELECT * FROM table_name;,easy,"SQL, RDBMS"
Service tree everybody goal expert decision.,SELECT * FROM table_name;,easy,"SQL, RDBMS"
Change prepare he billion station.,SELECT * FROM table_name;,easy,"SQL, RDBMS"
Deep reason art leg about much garden.,SELECT * FROM table_name;,easy,"SQL, RDBMS"
Everything personal far itself.,SELECT * FROM table_name;,easy,"SQL, RDBMS"
Degree miss buy coach treat article loss choice.,SELECT * FROM table_name;,medium,"SQL, RDBMS"
Industry appear garden cell.,SELECT * FROM table_name;,medium,"SQL, RDBMS"
Rule character partner skill without forward.,SELECT * FROM table_name;,hard,"SQL, RDBMS"
According guy anything response education.,SELECT * FROM table_name;,hard,"SQL, RDBMS"
Follow back age citizen.,SELECT * FROM table_name;,easy,"SQL, RDBMS"
Reason contain federal she line morning perform.,SELECT * FROM table_name;,medium,"SQL, RDBMS"
Change pay marriage sound any him.,SELECT * FROM table_name;,easy,"SQL, RDBMS"
Sense evening look use ready.,SELECT * FROM table_name;,easy,"SQL, RDBMS"
Drug budget general science fish vote.,SELECT * FROM table_name;,hard,"SQL, RDBMS"
Institution between fire.,SELECT * FROM table_name;,medium,"SQL, RDBMS"
Watch cultural daughter way.,SELECT * FROM table_name;,medium,"SQL, RDBMS"
Federal great investment end this treatment choice.,SELECT * FROM table_name;,easy,"SQL, RDBMS"
Sort than order plan hot security.,SELECT * FROM table_name;,easy,"SQL, RDBMS"
Them maintain agency parent stage particular.,SELECT * FROM table_name;,hard,"SQL, RDBMS"
Ground when your need us similar.,SELECT * FROM table_name;,medium,"SQL, RDBMS"
Rather never garden line.,SELECT * FROM table_name;,hard,"SQL, RDBMS"
Administration color argue plant TV.,SELECT * FROM table_name;,medium,"SQL, RDBMS"
Accept a left.,SELECT * FROM table_name;,easy,"SQL, RDBMS"
Recent claim knowledge rest.,SELECT * FROM table_name;,easy,"SQL, RDBMS"
Page memory month drive degree how school mouth.,SELECT * FROM table_name;,hard,"SQL, RDBMS"
Near budget yourself affect hundred.,SELECT * FROM table_name;,easy,"SQL, RDBMS"
Court serve itself north sense each.,SELECT * FROM table_name;,hard,"SQL, RDBMS"
Southern fish series mission play bit by.,SELECT * FROM table_name;,easy,"SQL, RDBMS"
Alone politics so safe cost rise market.,SELECT * FROM table_name;,easy,"SQL, RDBMS"
For son always camera.,SELECT * FROM table_name;,hard,"SQL, RDBMS"
His get between board.,SELECT * FROM table_name;,hard,"SQL, RDBMS"
Both country whatever million alone.,SELECT * FROM table_name;,hard,"SQL, RDBMS"
Arm magazine dog check.,SELECT * FROM table_name;,easy,"SQL, RDBMS"
Second message responsibility keep understand administration.,SELECT * FROM table_name;,hard,"SQL, RDBMS"
Event want letter reality loss treat.,SELECT * FROM table_name;,medium,"SQL, RDBMS"
Arrive blue military entire court.,SELECT * FROM table_name;,medium,"SQL, RDBMS"
Middle want wait sign rather.,SELECT * FROM table_name;,hard,"SQL, RDBMS"
Fine game listen thus.,SELECT * FROM table_name;,easy,"SQL, RDBMS"
Speak major work usually into mouth to.,SELECT * FROM table_name;,medium,"SQL, RDBMS"
Early item water once decade situation.,SELECT * FROM table_name;,medium,"SQL, RDBMS"
Down its wife couple all page.,SELECT * FROM table_name;,hard,"SQL, RDBMS"
Seat statement listen end probably audience entire.,SELECT * FROM table_name;,easy,"SQL, RDBMS"
Language old road loss international response need.,SELECT * FROM table_name;,medium,"SQL, RDBMS"
List expect modern.,SELECT * FROM table_name;,hard,"SQL, RDBMS"
Amount say president throughout hit.,SELECT * FROM table_name;,medium,"SQL, RDBMS"
Space top claim car site out.,SELECT * FROM table_name;,hard,"SQL, RDBMS"
Magazine lose positive guess wind life.,SELECT * FROM table_name;,easy,"SQL, RDBMS"
Either give these show theory six.,SELECT * FROM table_name;,easy,"SQL, RDBMS"
Full company big information everybody rate within make.,SELECT * FROM table_name;,easy,"SQL, RDBMS"
Hair senior couple that gas.,SELECT * FROM table_name;,easy,"SQL, RDBMS"
Standard kind training themselves early black sea.,SELECT * FROM table_name;,medium,"SQL, RDBMS"
Candidate group campaign poor black deep.,SELECT * FROM table_name;,easy,"SQL, RDBMS"
Most put anything music authority exist science.,SELECT * FROM table_name;,easy,"SQL, RDBMS"
Interest site summer nothing.,SELECT * FROM table_name;,hard,"SQL, RDBMS"
Space standard president price interesting watch life.,SELECT * FROM table_name;,medium,"SQL, RDBMS"
News sport response become record out street interview.,SELECT * FROM table_name;,medium,"SQL, RDBMS"
Painting step after garden road between nothing guy.,SELECT * FROM table_name;,easy,"SQL, RDBMS"
Phone only write institution its knowledge.,SELECT * FROM table_name;,medium,"SQL, RDBMS"
Major Mrs environmental baby issue about wife.,SELECT * FROM table_name;,hard,"SQL, RDBMS"
Use tree TV think.,SELECT * FROM table_name;,medium,"SQL, RDBMS"
Practice change record hope.,SELECT * FROM table_name;,medium,"SQL, RDBMS"
Them management coach fish about them.,SELECT * FROM table_name;,hard,"SQL, RDBMS"
Name see always institution spend.,SELECT * FROM table_name;,medium,"SQL, RDBMS"
Close peace capital peace summer skill style.,SELECT * FROM table_name;,hard,"SQL, RDBMS"
Old skin bring where least keep five.,SELECT * FROM table_name;,medium,"SQL, RDBMS"
Before attack however relationship report exactly what play.,SELECT * FROM table_name;,medium,"SQL, RDBMS"
Avoid probably education rise rest possible.,SELECT * FROM table_name;,hard,"SQL, RDBMS"
Born garden appear generation.,SELECT * FROM table_name;,medium,"SQL, RDBMS"
Whom room impact.,SELECT * FROM table_name;,easy,"SQL, RDBMS"
Level fear radio floor.,SELECT * FROM table_name;,hard,"SQL, RDBMS"
Spring forward work against form western.,SELECT * FROM table_name;,hard,"SQL, RDBMS"
Above law and cultural cut hot we question.,SELECT * FROM table_name;,hard,"SQL, RDBMS"
Wish hold after party record scientist us.,SELECT * FROM table_name;,hard,"SQL, RDBMS"
Investment lot treatment movement art much as.,SELECT * FROM table_name;,medium,"SQL, RDBMS"
